Species,meanT,amplT,shiftT,bTopt,Toptb,sb,mTR,TR,AmJ,skew,AL,TL,AH,TH,dJTR,AdJ,dATR,AdA,qTR,Toptq,sq,Aq,Tmax,qTemp
Clavigralla shadabi,300.2,1.36,35.39,8.9313,300.4365,3.6419,0.0334,298,7000,1,-70694,289.8,146729,308.7,0.0129,23770,0.0265,9710,0.2,300.4365,3.6419,9710,301.58,1
Clavigralla tomentosicollis Benin,300.2,1.36,35.39,6.8,302.3,3.8,0.0423,298,6844,1,-124219,290,198573,310,0.000032,64320,0.0573,6000,1,302.3,3.8,6000,301.58,1
Clavigralla tomentosicollis Nigeria A,300.6,2.33,-17.28,6.8,302.3,3.8,0.0423,298,6844,1,-124219,290,198573,310,0.000032,64320,0.0573,6000,1,302.3,3.8,6000,301.58,1