Species,meanT,delta_mean,amplT,delta_ampl,shiftT,bTopt,Toptb,sb,mTR,TR,AmJ,skew,AL,TL,AH,TH,dJTR,AdJ,dATR,AdA,qTR,Toptq,sq,Aq,Tmax,qTemp,Res,Rstart,Rend,Notes
Clavigralla shadabi,300.2,0,1.36,0,35.39,8.8787,300.46,3.6893,0.037,298,6698,1,-40670,290.3,157800,308.9,0.013,23621,0.027,9538,0.2,300.46,3.6893,9538,301.56,1,0,0,0,Fitting dJTR and dATR
Clavigralla tomentosicollis Benin,300.2,0,1.36,0,35.39,6.443,303.79,5.7,0.035,296,7600,1,-158500,290,144437,310,0.008,13669,0.027,10765,0.2,303.79,5.7,10765,301.56,1,0,0,0,Fitting dJTR and dATR
Clavigralla tomentosicollis Nigeria A,300.6,0,2.33,0,-17.28,5.143,302.64,5.35,0.042,298,6366,0,1,1,1,1,0.016,10840,0.018,3916,0.5,302.64,5.35,4963,302.93,1,1,240,180,"Using fecundity, adult mortality from Burkina Faso, Resource availability shifted 2 mo earlier"
Clavigralla tomentosicollis Nigeria B,300.2,0,2.01,0,42.02,5.143,302.64,5.35,0.042,298,6366,0,1,1,1,1,0.016,10840,0.018,3916,0.5,302.64,5.35,4963,302.21,1,1,240,180,"Using fecundity, adult mortality from Burkina Faso, Resource availability shifted 2 mo earlier"
Clavigralla tomentosicollis Nigeria C,300,0,2.05,0,45.63,5.143,302.64,5.35,0.042,298,6366,0,1,1,1,1,0.016,10840,0.018,3916,0.5,302.64,5.35,4963,302.05,1,1,60,300,"Using fecundity, adult mortality from Burkina Faso, Resource availability shifted 2 mo earlier"
Clavigralla tomentosicollis Burkina Faso,301.7,0,2.58,0,-33.31,5.143,302.64,5.35,0.11,308,6252,1,-79172,295.2,370764,314.2,0.002,85850,0.035,4198,0.5,302.64,5.35,4198,304.28,1,0,0,0,Fitting dJTR and dATR
Apolygus lucorum China Dafeng,287.178,0.00008888,12.2468,0,-66.105,2.7174,298.82,8.097,0.036,293,5654,1,-100594,285.6,25800,309.3,0.020,12310,0.025,3876,0.5,298.82,8.097,3876,299.42,1,0,0,0,Fitting dJTR and dATR
Adelphocoris suturalis China Dafeng,287.178,0.00008888,12.2468,0,-66.105,2.83,300.99,8.908,0.027,293,6754,1,-62876,285.2,30065,308.1,0.016,10350,0.028,5165,0.5,300.99,8.908,5165,299.42,1,0,0,0,Fitting dJTR and dATR